ViolationID,Symbol,DisposalDate,DeclareDate,ViolationType,ViolationTypeID,ViolationYear,Activity,IsViolated
违规事件ID',证券代码',处理文件日期',公告日期',违规类型',违规类型编码',违规年度',违规行为',上市公司是否违规'
没有单位',没有单位',没有单位',没有单位',没有单位',没有单位',没有单位',没有单位',没有单位'
4058183,000004,2018-12-13,2018-12-14,推迟披露,P2504,"2013,2014,2015,2016","你公司于2017年4月11日发布的《2016年年度报告》显示,自然人胡小泉拥有注射用三磷酸腺苷二钠氯化镁冻干粉针剂及其生产方法的发明专利(以下简称“ATP专利”),2013年11月,你公司控股子公司山东北大高科华泰制药有限公司(以下简称“山东华泰”)与胡小泉签订《ATP专利授权使用协议》。根据该协议,自2014年1月1日起至专利有效期止,胡小泉将其拥有的ATP专利授权给山东华泰有偿使用,山东华泰无论是否生产该专利产品,每年均须支付授权使用费1400万元,合计11年,共需支付1.54亿元。该协议事项应当及时披露,但你公司直至2017年4月11日才予以补充披露。",Y
4056066,000004,2018-08-15,2018-08-16,推迟披露,P2504,"2014,2015,2016","经查明,国农科技涉嫌违法的事实如下:自然人胡某泉拥有注射用三磷酸腺苷二钠氯化镁冻干粉针剂及其生产方法的发明专利(以下简称ATP专利),2013年11月18日,国农科技控股子公司山东北大高科华泰制药有限公司(以下简称山东华泰)与其签订《ATP专利授权使用协议》并进行了公证。根据该协议,自2014年1月1日起至专利有效期止,胡某泉将其拥有的ATP专利授权给山东华泰有偿使用,山东华泰无论是否生产该专利产品,均须支付授权使用费每年人民币1400万元,合计需支付人民币1.54亿元,协议金额占国农科技2012年经审计总资产的79.83%,净资产的198.83%;占2013年经审计总资产的63.64%,净资产的202.63%。上述《ATP专利授权使用协议》签署事项属于《中华人民共和国证券法》(以下简称《证券法》)第六十七条第二款第(三)项和《上市公司信息披露管理办法》(证监会令第40号,以下简称《信息披露管理办法》)第三十条、第三十三条第一款规定应予披露的重大事件,但国农科技未及时进行披露,直至2017年4月11日才予以补充披露。",Y
405974,000004,2013-04-12,2013-06-06,"虚假记载(误导性陈述),一般会计处理不当,其他","P2503,P2515,P2599","2010,2011,2012,2013","一、信息披露方面存在的主要问题
（一）公司关于茂名力拓投资事项的信息披露与实际状况不符
情况说明：《监管意见》指出：2010年年报中，公司关于茂名力拓投资的披露为“因国家政策原因，原拟投资的矿产品项目没有进展，公司于2010年3月全部收回对外投资”，2011年年报中，公司关于茂名力拓投资的披露为“因国家政策原因，原拟投资的矿产品项目没有进展，公司于2011年3月全部收回对外投资”，上述信息披露与公司实际在2011年12月才收回投资款的情况不符。
（二）内幕信息知情人管理不到位
情况说明：《监管意见》指出：检查发现，你公司仅对定期报告的编制过程建立了内幕信息知情人表，未对定期报告的报告、传递、审核、披露等过程建立内幕信息知情人管理，未针对其他重大事项如山东北大高科华泰制药有限公司（以下简称“华泰制药”）投资竞买国有土地使用权、投资设立茂名力拓、公司实际控制人变更等事项进行内幕信息知情人登记，不符合你公司《内幕信息知情人登记管理制度》的相关规定。
（三）投资者接待工作管理不到位
情况说明：《监管意见》指出：检查发现，你公司《投资者关系管理制度》中未对投资者接待工作的组织与实施做出明确的规定，在实际工作中也未对投资者接待情况进行记录、未建立完善的投资者接待档案，不利于投资者接待工作的组织和未公开信息的管理。
二、公司治理方面存在的主要问题
（一）三会运作不规范
1、“三会”会议资料不完整
情况说明：《监管意见》指出：检查发现，你公司存在董事会会议通知发出时间不符合《公司章程》的规定；检查期内，你公司股东大会、监事会议均无会议记录，董事会会议记录不完整；部分董事会决议未载明应到董事与实到董事人数，也未载明该议案获得的同意、反对、和弃权的票数，且未经全体参会董事签字，违反了《公司章程》中关于股东大会、董事会、监事会会议记录的规定。此外，检查还关注到，你公司董事会专门委员会会议均无会议记录，且相关决议及资料未专门保管，不符合董事会专门委员会实施细则中关于“会议应当记录，出席会议的委员应当在会议记录上签名”的规定。
2、审计委员会成员独立性不足
情况说明：公司审计委员会成员过去存在同时兼任原控股子公司深圳北大高科五洲医院有限公司财务总监职务，随着出售五洲医药公司股权工作的完成，兼任工作已经结束，后期将不会出现类似情况。
（二）重大对外投资的资金支付未履行必要的决策程序
情况说明：2012年初，山东华泰制药与山东蓬莱市刘家沟镇人民政府签署购地协议并累计支付527.46万元，相关人员事先向董事进行了口头通报未履行董事会决策程序，未能及时上报上市公司董事会。
三、内部控制方面存在的问题
(一）公司对联营公司未实施必要管控
情况说明：对于联营公司茂名力拓公司日常经营、重大投资决策未实施必要管控，没有依据公司《投资管理制度》第九至十三条的相关规定履行相关决策程序。
(二）对控股子公司疏于管理
情况说明：检查指出，公司没有对控股子公司参与日常经营和对经营情况及财务状况实施内部审计。近几年，公司存在疏于对于武汉北大高科有限公司管理，使得武汉北大高科公司脱离上市公司管控。
(三）重要内部控制制度缺失
情况说明：检查指出，公司主营业务制药和房地产未建立医药板块的研究开发、工程建设、全面预算和房地产成本与会计核算制度。
(四）内部审计工作薄弱
情况说明：公司前期未能配备专职的审计人力资源，所以未对公司及其下属子公司开展内部审计。
(五）未对公司总经理离任实施审计
情况说明：公司未对前任总经理罗晓实施离任审计。
四、会计核算及财务会计基础工作方面存在的主要问题
（一）房地产成本核算不规范
情况说明：《监管意见》指出：“江苏国农仅在每年年末由审计师协助进行成本调整，由此导致公司一季度报、半年报、三季度报确认的开发成本和应付账款被低估；在分期开发的情况下，也容易导致成本核算错误。如田园风光1.1期项目已于2010年6月29日办理竣工验收备案，但在2010年7月至2010年12月期间，江苏国农仍将868万元成本计入田园风光1.1期。”
(二)土地租金核算错误
情况说明：《监管意见》指出：“检查发现，江苏国农农业科技公司收取农民个人上交的土地租金，并按收付实现制确认收入。如农业公司2011年11月将土地租赁给个人使用，合中约定租赁期限为1年，租赁费为45.6万元，租金分两期支付。农业公司在2011年11月收到25.6万元自费一批租金时，即一次性确认全部25.6万元收入，而未在租赁内进行分摊。”
(三)财务会计基础工作存在的主要问题
情况说明：《监管意见》指出：“检查发现，你公司未按照《财务负责人管理制度》的相关规定对财务人实施必要的考核，难以发挥考核的约束作用；公司《货币资金管理制度》规定，“货币资金应在授权范围内进行审批，不得超越审批权限”，但公司未建立相应的货币资金授权批准制度。原材料及产品出入库管理单据不规范，华泰制药出库单，入库单、领料单等仓库管理单据均为公司运用EXCEL自制单据，但未能做到连续编号，各类单据间未建立索引，收入、成本存在重复记录或遗漏的风险。”
",Y
401647,000004,2010-09-20,2010-09-29,"重大遗漏,披露不实(其它),其他","P2505,P2506,P2599","2005,2006,2007,2008,2009,2010",2005年12月至2010年3月，深圳中国农大科技股份有限公司（以下称“ST国农”）时任董事长、总经理王克昕及其亲属，时任董事、副总经理南国良及其配偶持有北京东方风景园林工程有限公司（以下称“东方园林”）控股股东—北京东方建设科技咨询有限公司（以下称“东方建设”）股份：2004年11月至2005年12月9日期间，ST国农时任总经理王克昕和南国良分别持有东方建设51.66%、15.99%股份，为第一、第二大股东；2005年12月10日至2007年9月17日，王克昕配偶之弟黄文才和ST国农时任董事南国良分别持有东方建设51.66%、15.99%股份，为第一、第二大股东；2007年9月18日至2008年3月25日，ST国农时任董事长、总经理王克昕和时任董事南国良分别持有东方建设51.66%、15.99%股份，为第一、第二大股东；2008年3月26日至2010年3月，黄文才和南国良的配偶李玉分别持有东方建设51.66%、15.99%股份，为第一、第二大股东。东方园林因被ST国农上述关联自然人控制，而与ST国农构成关联关系。王克昕及南国良未及时向ST国农董事会报告上述关联关系，导致ST国农自2005年以来，未能在相关临时报告及定期报告中如实披露与东方园林的关联关系；进而导致ST国农子公司北京国农置业有限公司在2005年12月及2006年11月分别向东方园林提供4300万元及3020万元借款的两项重大关联交易未履行任何审批决策程序，未在临时报告及定期报告中予以披露。,N
40967,000004,2010-01-29,2010-01-30,"虚假记载(误导性陈述),其他","P2503,P2599","2008,2009,2010","一：你公司下属子公司北京国农置业有限公司（以下简称“国农置业”）分别于2005 年12 月和2006 年11 月与北京东方风景园林工程有限公司（以下简称“东方园林”）签订《借款协议》，向东方园林提供借款共计7120 万元。截止2008年年底，东方园林仍有1220 万元借款尚未归还。该借款超过公司净资产的10%，影响重大。
二：此外，近期我局对国农置业现场突击检查发现，你公司董事长王克昕自2008年11 月至2009 年6 月在国农置业领薪，薪酬合计16.97 万元。该薪酬未履行相应审议程序，且公司2008 年年报披露王克昕领取薪酬的数额为0，与实际情况不符。",Y
401172,000005,2010-06-25,2010-06-25,"虚假记载(误导性陈述),推迟披露,重大遗漏,其他","P2503,P2504,P2505,P2599","2007,2008,2009","一、公司治理方面存在的主要问题(一)重大事项未履行决策程序,公司治理存在缺陷你公司董事会不能对经营层形成有效监督,部分重大事项由经营层决定,未履行董事会决策程序。1.长沙太阳星城项目和珠海海韵星湾项目。长沙项目和珠海项目系你公司子公司首冠国际有限公司(以下简称“首冠国际”)与美联发展有限公司(WachoviaDevelopmentCorporation,以下简称“美联发展”)等公司合作的地产开发项目。2007年,首冠国际为解决长沙和珠海项目的资金来源问题,分别与中旭担保有限公司(以下简称“中旭担保”)、力士投资有限公司(以下简称“力士投资”)、银泰中国有限公司(以下简称“银泰中国”)签订《借款及合作投资协议》等一系列协议,约定中旭担保和力士投资向首冠国际分别提供借款1亿元港币和1000万元人民币用于长沙项目,银泰中国向首冠国际提供借款9000万港币用于珠海项目。并约定如果首冠国际能在长沙或珠海项目上实现25%的年收益率,将按年利率20%的利息支付上述三家公司;如果项目无盈利或盈利低于20%,首冠国际应支付的利息按项目开发收益数的95%确定。对于该等借款及合作投资事项,你公司在未经董事会批准的情况下对外签订了相关协议并实施。2.长沙金霞项目投资事项。2008年1月18日,你公司、首冠国际与长沙开福区人民政府等就增资及经营长沙金霞海关保税物流投资建设有限公司(以下简称“长沙金霞公司”)达成了框架协议,规定首冠国际出资1.2亿分两次增资长沙金霞公司,该公司的注册资本最终要增加至3亿,并且增资部分全部由首冠国际或者其指定的第三方予以提供。该项对外投资行为的协议出资额1.2亿元为你公司2007年经审计净资产的15%、总资产的8%,未提交董事会审议,违反《公司章程》第一百一十条关于占公司最近一期经审计总资产30%以内的对外投资事项应由董事会审议的规定。(二)部分制度尚待完善1.《公司章程》部分条款未按《上市公司章程指引》的要求制定,如没有按照《上市公司章程指引》第九十六条的要求明确董事会是否可以由职工代表担任董事,没有按照第一百三十二条的要求明确公司副经理的任免程序、副经理与经理的关系。2.你公司《董事会议事规则》和《监事会议事规则》系2002年6月制定,至今没有修订,其中董事会的职责权限、董事会议的召集和主持、监事会的职责等方面内容未根据《公司章程》进行细化和完善。(三)公司治理存在的其他问题检查发现,你公司董事会秘书并不参加公司高级管理人员相关会议。此外,董事授权委托书没有明确对审议事项投赞成、反对或弃权票的指示,违反了《公司章程》的有关规定。二、信息披露方面存在的问题(一)部分重大事项未履行信息披露义务对如前所述的长沙金霞项目投资事项,你公司从未进行过披露;与中旭担保、力士投资合作长沙项目,与银泰中国合作珠海项目等事项,你公司仅在定期报告中披露,未进行临时公告,违反《上市公司信息披露管理办法》第三十条关于发生可能对上市公司证券及其衍生品种交易价格产生较大影响的重大事件,投资者尚未得知时,上市公司应当立即披露的规定。对有关肇庆项目的处置、合作开发等重大事项未按规定进行信息披露。如2008年1月,首冠国际与香港云峰投资有限公司(以下简称“香港云峰”)签署《股份买卖初步协议》,首冠国际有意向将其持有的肇庆项目6亿港币的权益性资产作价7.8亿元转让给香港云峰,并约定收取香港云峰诚意金1000万元。肇庆项目的账面金额占到你公司2007年经审计净资产的70%,该初步协议涉及重大项目的处置计划,但你公司未及时披露,违反《上市公司信息披露管理办法》第三十一条关于上市公司应当在有关各方就该重大事件签署意向书或者协议时,及时履行重大事件的信息披露义务的规定。又如,2009年2月28日,首冠国际、广金国际控股有限公司(以下简称“广金国际”)以及双方的合营公司首冠商用有限公司(以下简称“首冠商用”)签订了《有关合作开发肇庆项目框架协议之补充协议》,明确了肇庆项目开发的具体合作模式,但你公司未进行临时公告,也未在2009年中期报告中披露,违反《上市公司信息披露管理办法》第三十二条关于上市公司披露重大事件后,已披露的重大事件出现可能对上市公司证券及其衍生品种交易价格产生较大影响的进展或者变化的,应当及时披露进展或者变化情况的规定。(二)重要合作项目披露不充分主要表现在长沙项目和珠海项目的合作模式披露上。两项目是你公司未来的主要利润来源,主要合作方均为美联发展,美联发展的母公司美联公司(WachoviaCorporation,纽约证券交易所上市公司)下属的美联银行(WachoviaBank)为项目公司提供相应的外汇“夹层贷款”。关于长沙项目和珠海项目,你公司没有在临时公告中充分披露“夹层贷款”与普通贷款的区别、“夹层贷款”的具体运作方式、项目的利润分配顺序(因涉及多项贷款,包括夹层贷款、各股东的股东贷款等)、股东贷款的利率等重要内容。又如,你公司对于珠海项目的有关合作情况在临时公告中披露“首冠国际出资1.14亿元港币收购澳成公司25%的股权和相关债权”,没有分别说明换取股权的金额和受让债权的金额。你公司披露的信息,未能满足《上市公司信息披露管理办法》第二条“信息披露义务人应当真实、准确、完整、及时地披露信息”的规定,无法让投资者对项目的合作模式有清晰的理解。(三)业绩预告披露滞后你公司2008年三季报披露,全年业绩不存在亏损或同比发生大幅波动的情况。2009年4月25日,在公司2008年年报披露的前三天,你公司发布2008年净利润同比大幅下降80%的公告,违反《股票上市规则》第11.3.1条关于上市公司净利润与上年同期相比上升或下降50%以上时应及时作出业绩预告的规定。(四)2008年年报多处披露错误或不充分1.未披露肇庆项目转为“长期应收款”核算的原因你公司2008年年报中将自1997年取得以来就作为“长期股权投资”核算的肇庆项目转为“长期应收款”核算并进行前期会计差错更正,调整两科目2008年的期初余额5.56亿元。对于该项重大调整,你公司未能披露调整原因。2.募集资金使用金额披露不准确2001年你公司配股募集资金净额39,464万元用于口岸配套设施项目,尚未使用完毕。检查发现,2008年年报披露的募集资金当年使用金额932.14万元披露不准确,实际使用金额应为270万元,多计入的630万截至检查结束日仍未支付。3.关联方披露不完整你公司在2008年年报附注中没有披露与深圳市东海岸实业发展有限公司(以下简称“东海岸”)的关联关系,仅在关联方交易事项中披露了公司与东海岸的资金往来情况。三、会计核算存在的主要问题(一)确认香港云峰1000万元违约金收入的核算依据不充分2008年1月至3月间,首冠国际与香港云峰就转让肇庆项目权益签订相关协议,因香港云峰支付1000万诚意金的时间超过了协议约定的诚意金交付的最后期限,首冠国际将1000万作为违约金收入,确认为2008年的营业外收入。检查发现,银行进账单显示的付款方不是香港云峰,而是广州国金企业管理咨询有限公司,后者没有出具代香港云峰付款的说明,无法证明转入的1000万元系香港云峰支付的违约金,确认有关营业外收入的依据不充分。(二)外币报表折算方法不符合会计准则要求根据你公司披露的外币财务报表折算方法,损益类项目按照合并财务报表决算日的即期汇率折算为母公司记账本位币,与《企业会计准则》有关外币财务报表折算时,利润表中的收入和费用项目应采用交易发生日的即期汇率或与交易发生日即期汇率近似的汇率折算的规定不符。(三)确认肇庆项目845.82万元的营业外收入核算错误2009年2月,首冠国际与广金国际、首冠商用签署了合作开发肇庆项目的补充协议,约定由广金国际支付人民币845.82万元作为诚意金,诚意金以后将转为与首冠国际的结算款。2009年6月30日,首冠国际按845.82万元的金额确认了营业外收入。检查发现,广金国际在2009年9月才支付845.82万元的款项,且该笔诚意金属于预收款性质,将其确认为营业外收入的会计处理不恰当。(四)金海滩度假村爱琴海号渡假产品的销售收入确认不符合准则要求你公司下属子公司深圳国际商务有限公司(以下简称“国际商务”)于2009年3月与深圳市星雅营销策划有限公司(以下简称“星雅营销”)签订《独家总经销协议》,约定由星雅营销为国际商务独家代销金海滩度假村爱琴海号渡假产品(业主卡),即在一定期限内享有一定时间的免费酒店入住。星雅营销与国际商务之间采用固定结算价格,实际售价与结算价格之间的价差为星雅营销的分成。国际商务在向星雅营销售卡并收到款项时即确认有关收入,2009年1一9月共确认营业收入108.17万元。由于国际商务在销售爱琴海渡假产品时尚未提供相关服务,不符合《企业会计准则》规定的收入确认条件,不应确认为营业收入。(五)物业发展关于长沙项目的收入和费用确认不符合准则要求2007年6月23日,你公司下属子公司物业发展与合营公司的子公司湖南天景名园置业有限公司(以下简称“湖南公司”,主要运作长沙太阳星城项目)签订管理协议,约定由物业发展管理并经营湖南公司的业务,管理费用为2100万元,物业发展预计项目将会在3.5年内完成,因此每月应收取50万元管理费。但物业发展未将应收取的管理费确认为收入,而是由湖南公司每月为你公司承担约50万元的费用,并以此冲抵应收取的管理费。2007年至2009年年间,你公司总计少确认收入分别为300万元、600万元、600万元,少确认费用93.49万元、742.4万元、564.93万元,违反《企业会计准则》关于企业应当对其本身发生的交易或者事项以权责发生制为基础进行会计确认和计量的规定。(六)出租开发产品核算错误你公司部分房产如福华工业区厂房、五洲地下车库和怡都大厦(截至2009年底的账面净值合计5432.46万元)用于出租,并且出租时间均在三年以上,你公司将上述资产作为存货核算,不符合《企业会计准则》关于为赚取租金或资本增值,或两者兼有而持有的房地产应作为投资性房地产核算的规定。四、财务会计基础工作方面存在的主要问题(一)财务管理制度不健全检查发现,你公司财务管理制度不健全,如具体的核算制度没有结合公司的实务进行明确规定,需要做出进一步修订;你公司对制定和修订财务相关制度没有规范的审批程序。(二)财务核算水平薄弱,基础工作不规范你公司财务核算水平薄弱,如资产负债表日的减值测试依赖于会计师的工作,会计差错较多,仅2008年的审计调整分录就有119笔之多;记账不规范,所有的记账凭证均无人复核;用电子表格(excel)进行现金日记账、银行存款日记账的记录,违反《会计基础工作规范》第五十七条“现金日记账和银行存款日记账必须采用订本式账簿,不得用银行对账单或者其他方法代替日记账”的规定。检查还发现,你公司对往来款的核算不规范。如公司将应收董事长丁_、总经理郑列列的借款,计入“其他应收款一应收中投关联款”核算,将向丁_和郑列列的借款计入“其他应付款一应付中投关联款”核算。你公司将高管与公司的往来款视同为控股股东中国投资与公司的往来款进行相关账务处理,缺乏各方的确认说明,核算依据不充分。(三)财务信息系统控制不到位,存在舞弊风险你公司使用金蝶KIS系统,本部财务人员均以系统管理员的用户名登陆系统,使用同一用户名登陆不利于责任划分;本部部分财务人员拥有直接修改下属子公司会计记录的权限,能直接对下属子公司进行反结账处理,缺乏相应的审批程序,不利于财务舞弊风险的防范。(四)财务管理存在漏洞检查发现,你公司财务人员并不关注款项的支付是否有经济业务背景、是否有相应的付款依据,不认真履行审核职责,没有真正起到财务监督的作用。公司保险柜中存有多张已加盖公司印鉴的空白票据,主要是长沙项目的付款需要使用的票据,票据管理不规范。五、以前发现问题的整改情况2006年10月,我局对你公司进行了全面现场检查,检查发现的主要问题有,公司肇庆项目土地使用权属不完整、披露不充分;年报对部分事项的披露前后不一致;部分事项未履行决策程序和信息披露义务;公司募集资金的使用用途与《配股说明书》的承诺不一致、关于募集资金的部分披露信息与事实不符;公司股东大会权利受到侵蚀;大部分董事会决议以联签的方式进行;部分董事不够勤勉尽责;部分会计处理不当等。",Y
401928,000006,2010-12-31,2010-12-31,违规买卖股票,P2512,2010,"一、违规买卖公司股票基本情况 公司副总裁方东红先生2010年12月29日通过深圳证券交易所股票交易系统出售其持有的本公司股票220,000股。该部分股份按照20,000股/笔的方式分11笔出售,在出售股票过程中,由于操作失误,1笔交易误将“买入股票”作为“卖出股票”,以7.06元/股的价格买入本公司股票20,000股。经公司审核交易清单,该笔交易确系操作失误所致,但公司副总裁方东红先生的行为仍违反了《中华人民共和国证券法》第四十七条“上市公司董事、监事、高级管理人员、持有上市公司股份百分之五以上的股东,将其持有的该公司的股票在买入后六个月内卖出,或者在卖出后六个月内买入,由此所得收益归该公司所有,公司董事会应当收到其所得收益”的规定。",N
4035934,000007,2016-05-09,2016-05-11,"虚假记载(误导性陈述),推迟披露,重大遗漏,其他","P2503,P2504,P2505,P2599","2014,2015","一、未按规定披露2014年度内部控制审计报告根据《关于2012年主板上市公司分类分批实施企业内部控制规范体系的通知》(财办会〔2012]30号)的规定，自2014年年报开始，主板上市公司应当按照《企业内部控制基本规范》及证监会《公开发行证券的公司信息披露编报规则第21号一年度内部控制评价报告的一般规定》的要求，在披露年度报告的同时披露董事会出具的内部控制自我评价报告和会计师事务所出具的内部控制审计报告。但是，零七股份未能在披露其2014年年报的同时披露其内部控制审计报告。二、未按规定披露相关重大借款事项(一)2014年5月5日，零七股份与王梅春、咚建亮、王坚签订《借款合同》(编号:J20140505)。合同约定，零七股份向王梅春、咚建亮、王坚借款人民币2800万元，借款期限30天，约定借款费用126万元。零七股份原实际控制人、时任董事长练卫飞对上述借款本金、利息、逾期利息、担保服务费、违约金、诉讼费、律师费等债权人实现债权的一切费用承担连带责任保证担保，签订借款合同的同时，零七股份和练卫飞出具了《承诺书》和《借据》。《借款合同》指定零七股份光大银行账户和深圳市大中非投资有限公司(以下简称“大中非投资”)中信银行账户为收款账户。(二)2014年5月6日，零七股份与王梅春、咚建亮签订《借款合同》(编号:J20140506)。合同约定，零七股份向王梅春、咚建亮、王坚借款人民币3000万元，借款期限45天，约定借款费用225万元。练卫飞对上述借款本金、利息、逾期利息、担保服务费、违约金、诉讼费、律师费等债权人实现债权的一切费用承担连带责任保证担保，签订借款合同的同时，零七股份和练卫飞出具了《承诺书》和《借据》。《借款合同》指定零七股份光大银行账户和大中非投资中信银行账户为收款账户。(三)2014年5月9日，零七股份与王梅春、咚建亮签订《借款合同》(编号:J20140509)。合同约定，零七股份向王梅春、咚建亮、王坚借款人民币1500万元，借款期限25天，约定借款费用82.5万元。练卫飞对上述借款本金、利息、逾期利息、担保服务费、违约金、诉讼费、律师费等债权人实现债权的一切费用承担连带责任保证担保，签订借款合同的同时，零七股份和练卫飞出具了《承诺书》和《借据》。《借款合同》指定大中非投资中信银行账户为收款账户。上述借款本金合计约7300万元，占零七股份2013年经审计总资产的21.04%;涉及财务费用约433.5万元，占零七股份2013年经审计归属母公司股东的净利润的绝对值的18.63%，零七股份应当及时履行临时信息披露义务，但其未能按规定披露该等重大借款事项。三、前期信息披露存在虚假记载、误导性陈述根据中国证监会《行政处罚决定书》([2015]91号)显示，大中非投资在前述借款发生期间内受练卫飞实际控制。而根据零七股份于2015年3月12日披露的《关于与深圳市大中非投资有限公司资金往来的公告》，其中明确显示:""2014年，公司与非关联方大中非投资因历史关系的原因及双方互相支持解决临时资金困难的需求，双方存在临时资金往来，公司财务部门对相关业务在‘其他应收款’科目中进行核算”。同时，零七股份在历次回复本所关于其与大中非投资资金往来相关问题的问询中，均声称与大中非投资不存在关联关系。因此，零七股份2015年3月12日披露的关于其与大中非投资资金往来的信息存在虚假记载及误导性陈述情形。四、未按规定及时披露重大诉讼事项(一)2012年1月15日、2月16日，零七股份控股子公司深圳市广众投资有限公司(以下简称“广众投资”)与天津市宏远钦铁有限公司(以下简称“宏远钦铁”)签订《工矿产品购销合同》(合同编号:GZTZ-2012-Ti-0115,GZTZ-2012-Ti-0216。依据合同约定，宏远钦铁于2012年1月4日至2月27日支付广众投资合计3000万元定金，但广众投资未能按照合同约定向宏远钦铁供货。2013年1月巧日、1月16日，天津鑫宇隆矿产品有限公司(以下简称“天津鑫宇隆”)与广众投资签订《工矿产品购销合同》(合同编号:GZXYL-2013-Ti-0115,GZXYL-2013-Ti-0116)。2013年1月22日，宏远钦铁向广众投资出具委托书，明确宏远钦铁对外采购钦铁业务由天津鑫宇隆负责，并将其支付给广众投资的定金合计2262.74万元转为天津鑫宇隆。当日，宏远钦铁、天津鑫宇隆、广众投资三方签订《合同定金转让确认书》，确认广众投资与宏远钦铁签订GZTZ-2012-Ti-O115号《工矿产品购销合同》结余定金1000万元转为GZXYL-2013-Ti-0115号《工矿产品购销合同》的定金，GZTZ-2012-Ti-0216号《工矿产品购销合同》结余定金1262.74万元转为GZXYL-2013-Ti-0116号《工矿产品购销合同》的定金，广众投资与宏远钦铁签订的GZTZ-2012-Ti-0115,GZTZ-2012-Ti-0216号《工矿产品购销合同》终止执行。2013年1月16日，天津鑫宇隆与广众投资签订一份《补充协议》约定，若2014年3月底广众投资仍未发货，则双方解除合同，广众投资除双倍退还天津鑫宇隆定金外，还需按退还金额同期银行贷款利率上浮20%计算2年(730天)利息给天津鑫宇隆作为资金占用辛卜偿。2013年1月17日，练卫飞与天津鑫宇隆签订《保证合同》，承诺为广众投资在上述两个《工矿产品购销合同》和《补充协议》中的义务承担连带保证责任，保证范围为广众投资违约后应承担的2262.74万元定金的双倍返还义务、逾期赔偿金以及诉讼费、律师费等债权人实现债权的一切费用。2014年11月17日，天津鑫宇隆因广众投资未履行供货义务，练卫飞未履行担保责任，向天津市高级人民法院提起诉讼并采取诉前保全的措施，请求判令广众投资双倍返还定金4525.48万元，并自2012年4月1日起至实际给付之日止按中国人民银行同期贷款利率上浮20%支付资金占用赔偿金951.98万元，判令练卫飞对上述债务承担连带清偿责任。天津市高级人民法院受理此案，案号为(2014)津高民二初字第63号，并向广众投资送达了起诉状、应诉通知书等法律文书，广众投资于2014年12月3日签收上述法律文书。(二)天津鑫宇隆称于2014年4月9日支付广众投资货款1425.99万元，2014年7月18日广众投资返还天津鑫宇隆425.99万元，剩余1000万元欠款转为借款，同时天津鑫宇隆与广众投资、练卫飞签订还款协议书，约定由广众投资在2014年8月20日前归还该笔款项，并由练卫飞承担保证责任。天津鑫宇隆因广众投资一直未归还该笔款项，练卫飞亦未承担保证责任，于2014年11月17日向天津市第二中级人民法院提起诉讼并采取诉前保全的措施，要求广众投资返还1000万元借款本金，并按中国人民银行同期贷款利率的四倍支付利息147.33万元。天津市第二中级人民法院受理此案，案号为(2014)二中民二初字第606号。广众投资于2014年12月23日向天津市第二中级人民法院提出管辖异议。上述重大诉讼金额合计约6624.79万元，占公司2013年经审计净资产19.09%，应当及时履行信息披露义务，但是零七股份直至2015年2月16日，因广众投资相关银行账户和资金被查封冻结，发布《关于公司子公司银行账户被查封的核查情况公告》，才披露了上述诉讼事项。五、未按规定及时披露对外提供财务资助事项2015年1月5日，零七股份通过全资子公司深圳市广博投资有限公司向深圳市恒大供应链有限公司(以下简称“恒大供应链”)、深圳市摩尔泰贸易有限公司(以下简称“摩尔泰”)分别提供周转资金4720万元、2000万元，合计占公司2014年经审计净资产的18.93%，构成对外提供财务资助行为，但未履行相应的审批程序，同时也未履行相应的临时信息披露义务。直至2015年11月24日，零七股份发布的《关于深圳证券交易所问询函回复的公告》(公告编号:2015-113)中才披露上述对外财务资助事项。零七股份原实际控制人、时任董事长练卫飞存在以下违规行为:1.练卫飞及其控制的广州博融投资有限公司(以下简称“广州博融”)分别于2015年4月21日、5月6日、5月7日、5月27日，陆续与深圳市东方财智资产管理有限公司(以下简称“东方财智”)、冯彪签订《股票代持协议》、《合作框架协议书》、《合作框架协议书》的《补充协议》、《关于深圳市零七股份有限公司借壳重组及融资合作协议书》等协议，约定练卫飞、广州博融通过大宗交易系统将不少于2800万股公司股票转让给东方财智，并由东方财智代为持有以及相关后续处置分配等内容;2015年6月30日，练卫飞与东方财智签订《深圳市源亨信投资有限公司股权转让合同》，约定将深圳市源亨信投资有限公司(以下简称“源亨信”>100%股权转让给东方财智，由于源亨信直接持有广州博融97.22%股权，而广州博融持有公司15.17%股权，因此，该股权转让合同的签署可能涉及零七股份实际控制权的变化。练卫飞签署的上述协议可能导致其控制公司的情况发生较大变化，应当及时履行临时信息披露义务。但是，其未能及时通知零七股份，并履行相应信息披露义务，直至2015年12月9日、12月18日、12月28日，在关于回复本所监管关注及问询相关函件的公告中才披露了相关事项。2.练卫飞所持公司2500万股股票存在以下四轮次轮候查封事项:(1)被广东省广州市中级人民法院(案号:广东省广州市中级人民法院2014穗中法执字第646号)轮候查封，轮候期限为自2014年3月10日起24个月;(2)被广东省广州市中级人民法院(案号:广东省广州市中级人民法院2015穗中法执字第1121号)轮候查封，轮候期限为自2015年3月3日起36个月;(3)被广东省广州市珠海区人民法院(案号:广东省广州市海珠区人民法院2015穗海法民二初字第1586号)轮候查封，轮候期限为自2015年5月25日起36个月;(4)被广东省广州市中级人民法院(案号:广东省广州市中级人民法院2015穗中法民四初字第79号)轮候查封，轮候期限为自2015年5月27日起24个月。练卫飞控制的广州博融所持公司股票存在以下两轮次轮候查封事项:(1)被广东省广州市中级人民法院(案号:广东省广州市中级人民法院2015穗中法民四初字第79号)轮候查封3100.6226万股，轮候期限为自2015年5月27日起24个月;(2)江苏省苏州市中级人民法院(案号:江苏省苏州市中级人民法院2015苏中诉保字第00023号)轮候查封3100万股，轮候期限为自2015年7月7日起36个月。练卫飞未能及时通知零七股份，并履行相应信息披露义务，直至2015年12月28日在其回复本所问询函相关公告中才披露了相关事项。",Y
4033497,000007,2016-02-25,2016-02-26,推迟披露,P2504,"2014,2015",零七股份存在以下违法事实:一、未按规定披露子公司对外支付大额资金事项，未按规定披露实际控制人练卫飞、控股股东广州博融筹划股权转让事项，未按规定披露实际控制人练卫飞、控股股东广州博融所持公司股份被司法轮候冻结事项。,Y
4031735,000007,2015-12-22,2015-12-23,"披露不实(其它),重大遗漏,其他","P2506,P2505,P2599",2014,"经查明,零七股份存在以下违法事实:一、零七股份未按规定披露向外借款事项练卫飞直接持有零七股份公司10.82%的股份,通过广州博融投资有限公司(以下简称“广州博融”)间接持有13.42%的股份,合计24.24%,为公司实际控制人。2008年2月2日至2014年6月16日,练卫飞任零七股份董事长。在此期间,练卫飞利用职务之便,未经公司董事会或股东大会审批程序,私自携带并使用公司公章,多次以公司名义与自然人佟健亮、王梅春、王坚签订借款合同,合计金额7300万元。练卫飞未履行相关程序签订借款合同后,未通知零七股份按规定披露借款事项。具体情况如下:(一)零七股份向王梅春、佟建亮、王坚借款2014年5月5日,零七股份与王梅春、佟建亮、王坚签订《借款合同》(编号:J20140505),合同约定,零七股份向王梅春、佟建亮、王坚借款人民币2800万元,借款期限30天,约定借款费用126万元。练卫飞对上述借款本金、利息、逾期利息、担保服务费、违约金、诉讼费、律师费等债权人实现债权的一切费用承担连带责任保证担保,签订借款合同的同时,零七股份和练卫飞还出具了《承诺书》和《借据》。《借款合同》指定零七股份光大银行账户和大中非投资中信银行账户为收款账户。2014年5月5日,深圳市津浩鑫贸易有限公司(以下简称津浩鑫贸易)向零七股份转入2500万元,王坚在划款当天电话告知练卫飞该款项为其本人划入的借款,佟建亮向练卫飞实际控制的大中非投资转入300万元。公司财务人员在取得银行相关收款单据后,咨询公司资金部负责人叶健勇来款的相关单据和原由,5月底叶健勇仍没有给财务人员相关单据,财务人员就根据银行相关单据将收到津浩鑫商贸的2500万元记为“其他应付款”。2014年6月财务人员依据津浩鑫商贸出具的代付证明,冲销应付津浩鑫商贸2500万元。至此,零七股份应付津浩鑫商贸的账款轧平。王坚、佟建亮根据合同约定,将2800万元划入指定账户,练卫飞在签署借款合同后未告知公司财务人员,致使公司漏记300万元债务。(二)零七股份向王梅春、佟建亮借款1、2014年5月6日,零七股份与王梅春、佟建亮签订《借款合同》(编号:J20140506),合同约定,零七股份向王梅春、佟建亮、王坚借款人民币3000万元,借款期限45天,约定借款费用225万元。练卫飞对上述借款本金、利息、逾期利息、担保服务费、违约金、诉讼费、律师费等债权人实现债权的一切费用承担连带责任保证担保,签订借款合同的同时,零七股份和练卫飞还出具了《承诺书》和《借据》。《借款合同》指定零七股份光大银行账户和大中非投资中信银行账户为收款账户。2014年5月6日,深圳市南福祥贸易有限公司(简称南福祥贸易)向零七股份转入2700万元,向练卫飞实际控制的大中非投资转入300万元。佟建亮在划款当天电话告知练卫飞上述合计3000万元为其本人划入的借款。零七股份财务人员在取得银行相关收款单据后,就咨询公司资金部负责人叶健勇来款的相关单据和原由,5月底叶健勇仍没有给财务人员相关单据,财务人员就根据银行相关单据将南福祥贸易转入的2700万元记为“其他应付款”。公司于2014年5月9日和5月14日退回部分款项给南福祥贸易,共计1732.50万元,财务人员根据南福祥贸易2014年6月和2014年12月出具的代付证明,冲销应付南福祥贸易967.5万元,至此,零七股份应付南福祥贸易的账款轧平。佟建亮根据合同约定,将3000万元划入指定账户,练卫飞在签署借款合同后未告知公司财务人员,致使公司漏记300万元债务。2、2014年5月9日,零七股份与王梅春、佟建亮签订《借款合同》(编号:J20140509),合同约定,零七股份向王梅春、佟建亮、王坚借款人民币1500万元,借款期限25天,约定借款费用82.5万元。练卫飞对上述借款本金、利息、逾期利息、担保服务费、违约金、诉讼费、律师费等债权人实现债权的一切费用承担连带责任保证担保,签订借款合同的同时,零七股份和练卫飞还出具了《承诺书》和《借据》。《借款合同》指定大中非投资中信银行账户为收款账户。2014年5月9日,南福祥贸易向练卫飞实际控制的深圳市大中非投资有限公司(以下简称大中非投资)转入1500万元。佟建亮在划款当天电话告知练卫飞上述1500万元为其本人划入的借款。零七股份在相关说明中称“此笔借款的收付均没有通过零七公司账户,故没有相关的账务处理情况。”佟建亮根据合同约定,将1500万元划入指定账户,练卫飞在签署借款合同后未告知公司财务人员,致使公司漏记1500万元债务。(三)信息披露情况练卫飞未经合同流程审批,以零七股份名义签订借款合同,涉及借款及财务费用合计本金7733,5万元,亦未安排公司对相关借款事项通过临时公告予以披露,致使零七股份未按照《证券法》、《上市公司信息披露管理办法》的要求履行临时公告的义务。出借人在履行合同义务后,练卫飞未通知公司财务人员,致使公司漏记出借人直接转入练卫飞实际控制的大中非投资的2100万元负债,该状态持续至调查日。练卫飞接受调查询问时表示,“公司为了解决转贷问题,向王春梅、佟建亮、王坚借款,我当时担任公司法定代表人,为了公司的资金周转,没有经过董事会等相关会议审议,就代表公司亲自签署了三个借款合同,同时我个人作为借款担保人。”零七股份在《关于与佟建亮、王春梅、王坚和深圳美威贸易公司各类交易及往来情况说明》中表示,前述3笔以公司名义签署的借款合同文书均由练卫飞签署,未经过合同流程审批。应当履行临时信息披露义务而未能及时履行相应信息披露义务。上述事实,有零七股份提交的《关于配合深圳证监局对我公司立案调查后我公司提交的相关材料说明》、《佟建亮起诉深圳市零七股份有限公司、练卫飞案件情况说明》、《关于零七股份与佟建亮、王梅春、王坚借贷情况的补充说明》与王梅春提交的信访投诉材料、零七股份光大银行账户资料、大中非投资中信银行账户资料、相关人员询问笔录等证据证明。二、零七股份未按规定披露诉讼事项零七股份直接和间接持有深圳市广众投资有限公司(以下简称广众投资)100%股权。因广众投资长期未履行合同和未偿还借款,天津鑫宇隆矿产品有限公司(以下简称天津鑫宇隆)于2014年11月向天津市高级人民法院和天津市第二中级人民法院提起诉讼,并申请采取诉前保全的措施。相关法院立案后,向广众投资寄出送达了法律文书,广众投资董事长刘彩荣、总经理戴光在签收相关材料后,按照练卫飞(当时已辞去董事长职务)要求,直接交给练卫飞,练卫飞、刘彩荣、戴光在知悉两个诉讼后,均未通知零七股份对诉讼事项予以披露。具体情况如下:(一)广众投资与天津鑫宇隆诉讼事项1、2012年1月15日和2月16日,广众投资与天津市宏远钛铁有限公司(以下简称宏远钛铁)签订《工矿产品购销合同》(合同编号:GZTZ-2012-Ti-0115、GZTZ-2012-Ti-0216),依据合同约定,宏远钛铁于2012年1月4日至2月27日支付广众投资合计3000万元定金,但广众投资未能按照合同约定向宏远钛铁供货。2013年1月15日和1月16日,天津鑫宇隆与广众投资签订《工矿产品购销合同》(合同编号:GZXYL-2013-Ti-0115、GZXYL-2013-Ti-0116)。2013年1月22日,宏远钛铁向广众投资出具委托书,明确宏远钛铁对外采购钛铁业务由天津鑫宇隆负责,并将其支付给广众投资的定金合计2262.74万元转为天津鑫宇隆,当日,宏远钛铁、天津鑫宇隆、广众投资三方签订《合同定金转让确认书》,确认广众投资与宏远钛铁签订GZTZ-2012-Ti-0115号《工矿产品购销合同》结余定金1000万元转为GZXYL-2013-Ti-0115《工矿产品购销合同》的定金,GZTZ-2012-Ti-0216号《工矿产品购销合同》结余定金1262.74万元转为GZXYL-2013-Ti-0116号《工矿产品购销合同》的定金,广众投资与宏远钛铁签订的GZTZ-2012-Ti-0115、GZTZ-2012-Ti-0216号《工矿产品购销合同》终止执行。2013年1月16日,天津鑫宇隆与广众投资签订一份《补充协议》约定,若2014年3月底广众投资仍未发货,则双方解除合同,广众投资除双倍退还天津鑫宇隆定金外,还需按退还金额同期银行贷款利率上浮⒛%计算2年(730天)利息给天津鑫宇隆作为资金占用补偿。2013年1月17日,练卫飞与天津鑫宇隆签订《保证合同》,承诺为广众投资在上述两个《工矿产品购销合同》和《补充协议》中的义务承担连带保证责任,保证范围为广众投资违约后应承担的2262.74万元定金的双倍返还义务、逾期赔偿金以及诉讼费、律师费等原告实现债权的一切费用。2014年11月17日,天津鑫宇隆因广众投资未履行供货义务,练卫飞未履行担保责任,向天津市高级人民法院提起诉讼并采取诉前保全的措施,请求判令广众投资双倍返还定金4525.48万元,并自2012年4月1日起至实际给付之日止按中国人民银行同期贷款利率上浮20%支付资金占用赔偿金951.98万元,判令练卫飞对上述债务承担连带清偿责任。天津市高级人民法院受理此案,案号为(2014)津高民二初字第63号,并向广众投资送达了起诉状、应诉通知书等法律文书,广众投资于2014年12月3日签收上述法律文书,在送达回证上由戴光签名,刘彩荣加盖广众投资公章。2.天津鑫宇隆称于2014年4月9日支付广众投资货款1425.99万元,2014年7月18日广众投资返还天津鑫宇隆425.99万元,剩余1000万元欠款转为借款,同时天津鑫宇隆与广众投资、练卫飞签订还款协议书,约定由广众投资在2014年8月20日前归还该笔款项,并由练卫飞承担保证责任。天津鑫宇隆因广众投资一直未归还该笔款项,练卫飞亦未承担保证责任,于2014年11月17日向天津市第二中级人民法院提起诉讼并采取诉前保全的措施,要求广众投资返还1000万元借款本金,并按中国人民银行同期贷款利率的四倍支付利息147.33万元。天津市第二中级人民法院受理此案,案号为(2014)二中民二初字第606号。调查组未能取得天津市第二中级人民法院送达回证相关资料。广众投资于2014年12月23日向天津市第二中级人民法院提出管辖异议,并与当日以EMS寄出(单号:1066924671613),据此可以推测广众投资不晚于2014年12月23日知悉该诉讼事项。(二)诉讼事项经手人的说明戴光在询问中称,“我签收了天津高院寄来的司法文书,知悉了诉讼事项,我立即电话通知练卫飞,按练卫飞的要求,将上述材料转交给练卫飞,这个事情我没有告知丁玮(零七股份时任董事长)。按照零七股份内部规定,是重大事项应向总部报告,当时练卫飞告知我他会尽快和天津对方公司达成和解,让我不用向母公司报告。2014年12月,广众投资向法院出具管辖异议申请书,这次盖章没有经过我的审批程序,广众投资法人刘彩荣一直控制着广众投资的公章。”刘彩荣在询问中称,“2014年12月,广众投资陆续收到天津高院、二中院发来的司法材料,我按照练卫飞的要求,将法院发来的材料直接交给练卫飞,没有打开看过。2014年12月中旬,练卫飞安排律师应诉,我才知道相关诉讼事项。我认为公司财务这边应该也知道被冻结的情况,因为子公司被冻结的一个账户是用于支付总部的电话费,这个账户是总部直接管理的,如果被冻结,总部应该能够及时发现,所以没有向总公司报告”。练卫飞在询问中称,“相关法律文书由广众投资的戴光签收,刘彩荣盖章,具体时间以文书为准,他签收完文件后给我打电话说了被诉的事情,我就说我会及时处理的,过后戴光把相关法律文书拿给我看,我请了律师研究应诉,因为当时零七股份在重组过程中,我想和天津鑫宇隆和解,就没让公司公告,戴光、刘彩荣没有反对。”(三)信息披露情况对上述诉讼事项,零七股份未按照《证券法》、《上市公司信息披露管理办法》的要求履行临时公告义务,直至2015年2月16日,因广众投资相关银行账户和资金被查封冻结,发布《关于公司子公司银行账户被查封的核查情况公告》(公告编号:2015-015),才披露上述诉讼事项。零七股份在《天津鑫宇隆矿产品有限公司案件情况说明》中表示,广众投资在收到天津高院和天津二中院的法律文书后,练卫飞作为第二被告急于于对方和解,随即将法律文书取走,未能及时处理和向零七股份上报具体情况。练卫飞没有及时将掌握的情况告知零七股份,直至2015年2月10日,零七股份得知情况后发布了上述两个诉讼的核查报告。上述事实,有天津市高级人民法院提供的(2014)津高民二初字第63号案卷材料、天津市第二中级人民法院提供的(⒛14)二中民二初字第606号案卷材料、宏远钛铁与天津鑫宇隆提供的说明资料、零七股份《关于公司子公司银行账户被查封的核查情况公告》以及相关人员询问笔录等证据证明,足以认定。三、零七股份及相关人员多次受到行政处罚、被实施行政监管措施和纪律处分(一)因零七股份涉嫌信息披露违法违规,深圳证监局于2013年8月6日对其立案调查,经查:零七股份2012年定期报告对下属子公司广众投资钛矿包销的进展情况披露存在误导性陈述。练卫飞直接管理广众投资与香港广新的钛矿包销业务,在2012年8月份已明确知道包销合同无法执行,但作为时任董事长,练卫飞审核并签署2012年定期报告时,未将真实情况告知其他董事、监事、高管及董秘,并指示香港广新出具有误导性陈述的回函,作为零七股份信息披露的依据,导致零七股份2012年定期报告涉嫌误导性陈述,练卫飞是直接责任人员。戴光负责广众投资钛矿包销具体业务,2012年三季度时已知悉钛矿包销进展缓慢的真实原因,但未按照公司内部制度要求,通过书面方式向时任董秘智德宇提出意见。零七股份未披露广众投资收回香港广新资源投资有限公司5,000万预付款及与亿巨有限公司资金托管协议事项。练卫飞是广众投资收回香港广新的5,000万元钛矿包销预付款并交亿巨公司托管事项的实际策划者与组织者,作为零七股份董事长,练卫飞未将真实情况告知其他董事、监事、高管及董秘智德宇,导致零七股份未对上述事项及协议及时披露。刘彩荣2012年1月至3月担任广众投资总经理、董事长,按照练卫飞的指示履行签字流程,是该事项的知情人,未能按照零七股份信息报送制度,以书面形式通知时任董秘智德宇。2014年6月,深圳证监局对零七股份信息披露违法行为做出行政处罚,决定对零七股份给予警告,并处以四十万元罚款,对练卫飞给予警告,并处以三十万元罚款。2014年8月,深圳证券交易所对零七股份信息披露违法行为做出处分,决定对公司给予公开谴责的处分,对公司控股股东广州博融、实际控制人时任董事长练卫飞给予公开谴责的处分。(二)因零七股份时任董事长练卫飞接受媒体采访不规范、提供信息披露内容不准确,公告审核把关不严、未及时将股权质押情况告知公司等问题,深圳证监局于2011年7月15日决定对练卫飞予以批评,并记入证券期货市场诚信档案。(三)因零七股份多次出现发布重大事项信息后,相关合同未履行或实际履行进度远低于合同约定水平的情况,有关信息对投资者影响重大,易对投资者的决策产生误导,深圳证监局于2014年9月24日对零七股份采取了责令公开说明的监管措施。(四)因零七股份存在资金管理内部控制存在重大缺陷、公司印鉴管理控制存在重大缺陷、重大诉讼事项未及时披露、大股东存在侵占上市公司利益情况等问题,深圳证监局于2015年5月15日对零七股份采取了责令改正的监管措施。",Y
4036174,000007,2015-12-18,2016-05-17,"推迟披露,重大遗漏,其他","P2504,P2505,P2599",2014,经查明，练卫飞存在以下违法事实：一、零七股份未按规定披露向外借款事项练卫飞直接持有零七股份10.82%的股份，通过广州博融投资有限公司（以下简称广州博融）间接持有13.42%的股份，合计24.24%，为公司实际控制人。2008年2月2日至2014年6月16日，练卫飞任零七股份董事长。在此期间，练卫飞利用职务之便，未经公司董事会或股东大会审批程序，私自携带并使用公司公章，多次以公司名义与自然人佟健亮、王梅春、王坚签订借款合同，合计金额7300万元。练卫飞未履行相关程序签订借款合同后，未通知零七股份按规定披露借款事项。具体情况如下：（一）零七股份向王梅春、佟建亮、王坚借款2014年5月5日，零七股份与王梅春、佟建亮、王坚签订《借款合同》（编号：J20140505），合同约定，零七股份向王梅春、佟建亮、王坚借款人民币2800万元，借款期限30天，约定借款费用126万元。练卫飞对上述借款本金、利息、逾期利息、担保服务费、违约金、诉讼费、律师费等债权人实现债权的一切费用承担连带责任保证担保。签订借款合同的同时，零七股份和练卫飞还出具了《承诺书》和《借据》。《借款合同》指定零七股份光大银行账户和练卫飞实际控制的深圳市大中非投资有限公司（以下简称大中非投资）的中信银行账户为收款账户。2014年5月5日，深圳市津浩鑫贸易有限公司（以下简称津浩鑫贸易）向零七股份转入2500万元，王坚在划款当天电话告知练卫飞该款项为其本人划入的借款，佟建亮向大中非投资转入300万元。公司财务人员在取得银行相关收款单据后，咨询公司董事、资金部负责人叶健勇来款的相关单据和原由，5月底叶健勇仍没有给财务人员相关单据，财务人员就根据银行相关单据，将收到津浩鑫贸易的2500万元记为“其他应付款”。2014年6月财务人员依据津浩鑫贸易出具的代付证明，冲销应付津浩鑫贸易2500万元。至此，零七股份应付津浩鑫贸易的账款轧平。王坚、佟建亮根据合同约定，将2800万元划入指定账户，练卫飞在签署借款合同后未告知公司财务人员，致使公司漏记300万元债务。（二）零七股份向王梅春、佟建亮借款1.2014年5月6日，零七股份与王梅春、佟建亮签订《借款合同》（编号：J20140506），合同约定，零七股份向王梅春、佟建亮、王坚借款人民币3000万元，借款期限45天，约定借款费用225万元。练卫飞对上述借款本金、利息、逾期利息、担保服务费、违约金、诉讼费、律师费等债权人实现债权的一切费用承担连带责任保证担保。签订借款合同的同时，零七股份和练卫飞还出具了《承诺书》和《借据》。《借款合同》指定零七股份光大银行账户和大中非投资中信银行账户为收款账户。2014年5月6日，深圳市南福祥贸易有限公司（以下简称南福祥贸易）向零七股份转入2700万元，向大中非投资转入300万元。佟建亮在划款当天电话告知练卫飞上述合计3000万元为其本人划入的借款。零七股份财务人员在取得银行相关收款单据后，就咨询叶健勇来款的相关单据和原由，5月底叶健勇仍没有给财务人员相关单据，财务人员就根据银行相关单据将南福祥贸易转入的2700万元记为“其他应付款”。零七股份于2014年5月9日和5月14日退回部分款项给南福祥贸易，共计1732.50万元，财务人员根据南福祥贸易2014年6月和2014年12月出具的代付证明，冲销应付南福祥贸易967.5万元，至此，零七股份应付南福祥贸易的账款轧平。佟建亮根据合同约定，将3000万元划入指定账户，练卫飞在签署借款合同后未告知零七股份财务人员，致使公司漏记300万元债务。2.2014年5月9日，零七股份与王梅春、佟建亮签订《借款合同》（编号：J20140509），合同约定，零七股份向王梅春、佟建亮、王坚借款人民币1500万元，借款期限25天，约定借款费用82.5万元。练卫飞对上述借款本金、利息、逾期利息、担保服务费、违约金、诉讼费、律师费等债权人实现债权的一切费用承担连带责任保证担保。签订借款合同的同时，零七股份和练卫飞还出具了《承诺书》和《借据》。《借款合同》指定大中非投资中信银行账户为收款账户。2015年5月9日，南福祥贸易向大中非投资转入1500万元。佟建亮在划款当天电话告知练卫飞上述1500万元为其本人划入的借款。零七股份在相关说明中称“此笔借款的收付均没有通过零七公司账户，故没有相关的账务处理情况。”佟建亮根据合同约定，将1500万元划入指定账户，练卫飞在签署借款合同后未告知零七股份财务人员，致使公司漏记1500万元债务。（三）信息披露情况练卫飞未经合同流程审批，以零七股份名义签订借款合同，涉及借款及财务费用合计7733.5万元，亦未安排公司对相关借款事项通过临时公告予以披露，致使零七股份未按照《证券法》、《上市公司信息披露管理办法》的要求履行临时公告的义务。出借人在履行合同义务后，练卫飞未通知零七股份财务人员，致使公司漏记出借人直接转入练卫飞实际控制的大中非投资银行账户的2100万元负债，该状态持续至调查日。练卫飞接受调查询问时表示，“公司为了解决转贷问题，向王梅春、佟建亮、王坚借款，我当时担任公司法定代表人，为了公司的资金周转，没有经过董事会等相关会议审议，就代表公司亲自签署了三个借款合同，同时我个人作为借款担保人。”零七股份在《关于与佟建亮、王梅春、王坚和深圳美威贸易公司各类交易及往来情况说明》中表示，前述3笔以公司名义签订的借款合同文书均由练卫飞签署，未经过合同流程审批，应当履行临时信息披露义务而未能及时履行相应信息披露义务。上述事实，有零七股份提交的《关于配合深圳证监局对我公司立案调查后我公司提交的相关材料说明》、《佟建亮起诉深圳市零七股份有限公司、练卫飞案件情况说明》、《关于零七股份与佟建亮、王梅春、王坚借贷情况的补充说明》及王梅春提交的信访投诉材料、零七股份光大银行账户资料、大中非投资中信银行账户资料、相关人员询问笔录等证据证明。二、零七股份未按规定披露诉讼事项零七股份直接和间接持有深圳市广众投资有限公司（以下简称广众投资）100%股权。因广众投资长期未履行合同和未偿还借款，天津鑫宇隆矿产品有限公司（以下简称天津鑫宇隆）于2014年11月向天津市高级人民法院和天津市第二中级人民法院提起诉讼，并申请采取诉前保全的措施。相关法院立案后，向广众投资寄出送达了法律文书，广众投资董事长刘彩荣、总经理戴光在签收相关材料后，按照练卫飞（当时已辞去董事长职务）要求，直接交给练卫飞。练卫飞、刘彩荣、戴光在知悉两个诉讼后，均未通知零七股份对诉讼事项予以披露。具体情况如下：（一）广众投资与天津鑫宇隆诉讼事项1.2012年1月15日和2月16日，广众投资与天津市宏远钛铁有限公司（以下简称宏远钛铁）签订《工矿产品购销合同》（合同编号：GZTZ-2012-Ti-0115、GZTZ-2012-Ti-0216），依据合同约定，宏远钛铁于2012年1月4日至2月27日支付广众投资合计3000万元定金，但广众投资未能按照合同约定向宏远钛铁供货。2013年1月15日和1月16日，天津鑫宇隆与广众投资签订《工矿产品购销合同》（合同编号：GZXYL-2013-Ti-0115、GZXYL-2013-Ti-0116）。2013年1月22日，宏远钛铁向广众投资出具委托书，明确宏远钛铁对外采购钛铁业务由天津鑫宇隆负责，并将其支付给广众投资的定金合计2262.74万元转给天津鑫宇隆，当日，宏远钛铁、天津鑫宇隆、广众投资三方签订《合同定金转让确认书》，确认广众投资与宏远钛铁签订GZTZ-2012-Ti-0115号《工矿产品购销合同》的结余定金1000万元转为GZXYL-2013-Ti-0115《工矿产品购销合同》的定金，GZTZ-2012-Ti-0216号《工矿产品购销合同》的结余定金1262.74万元转为GZXYL-2013-Ti-0116号《工矿产品购销合同》的定金，广众投资与宏远钛铁签订的GZTZ-2012-Ti-0115、GZTZ-2012-Ti-0216号《工矿产品购销合同》终止执行。2013年1月16日，天津鑫宇隆与广众投资签订一份《补充协议》约定，若2014年3月底广众投资仍未发货，则双方解除合同，广众投资除双倍退还天津鑫宇隆定金外，还需按退还金额同期银行贷款利率上浮20%计算2年（730天）利息给天津鑫宇隆作为资金占用补偿。2013年1月17日，练卫飞与天津鑫宇隆签订《保证合同》，承诺为广众投资在上述两个《工矿产品购销合同》和《补充协议》中的义务承担连带保证责任，保证范围为广众投资违约后应承担的2262.74万元定金的双倍返还义务、逾期赔偿金以及诉讼费、律师费等原告实现债权的一切费用。2014年11月17日，天津鑫宇隆因广众投资未履行供货义务，练卫飞未履行担保责任，向天津市高级人民法院提起诉讼并采取诉前保全的措施，请求判令广众投资双倍返还定金4525.48万元，并自2012年4月1日起至实际给付之日止按中国人民银行同期贷款利率上浮20%支付资金占用赔偿金951.98万元，练卫飞对上述债务承担连带清偿责任。天津市高级人民法院受理此案，并向广众投资送达了起诉状、应诉通知书等法律文书，广众投资于2014年12月3日签收上述法律文书，在送达回证上由戴光签名，刘彩荣加盖广众投资公章。2.天津鑫宇隆称于2014年4月9日支付广众投资货款1425.99万元，2014年7月18日广众投资返还天津鑫宇隆425.99万元，剩余1000万元欠款转为借款，同时天津鑫宇隆与广众投资、练卫飞签订还款协议书，约定由广众投资在2014年8月20日前归还该笔款项，并由练卫飞承担保证责任。天津鑫宇隆因广众投资一直未归还该笔款项，练卫飞亦未承担保证责任，于2014年11月17日向天津市第二中级人民法院提起诉讼并采取诉前保全的措施，要求广众投资返还1000万元借款本金，并按中国人民银行同期贷款利率的四倍支付利息147.33万元。天津市第二中级人民法院受理此案。广众投资于2014年12月23日向天津市第二中级人民法院提出管辖异议，并于当日以EMS寄出，据此可以推测广众投资不晚于2014年12月23日知悉该诉讼事项。（二）诉讼事项经手人的说明戴光在询问中称，“我签收了天津高院寄来的司法文书，知悉了诉讼事项，我立即电话通知练卫飞，按练卫飞的要求，将上述材料转交给练卫飞，这个事情我没有告知丁玮（零七股份时任董事长）。按照零七股份内部规定，是重大事项应向总部报告，当时练卫飞告知我他会尽快和天津对方公司达成和解，让我不用向母公司报告。2014年12月，广众投资向法院出具管辖异议申请书，这次盖章没有经过我的审批程序，广众投资法人刘彩荣一直控制着广众投资的公章”。刘彩荣在询问中称，“2014年12月，广众投资陆续收到天津高院、二中院发来的司法材料，我按照练卫飞的要求，将法院发来的材料直接交给练卫飞，没有打开看过。2014年12月中旬，练卫飞安排律师应诉，我才知道相关诉讼事项。我认为公司财务这边应该也知道被冻结的情况，因为子公司被冻结的一个账户是用于支付总部的电话费，这个账户是总部直接管理的，如果被冻结，总部应该能够及时发现，所以没有向总公司报告”。练卫飞在询问中称，“相关法律文书由广众投资的戴光签收，刘彩荣盖章，具体时间以文书为准，他签收完文件后给我打电话说了被诉的事情，我就说我会及时处理的，过后戴光把相关法律文书拿给我看，我请了律师研究应诉，因为当时零七股份在重组过程中，我想和天津鑫宇隆和解，就没让公司公告，戴光、刘彩荣没有反对”。（三）信息披露情况对上述诉讼事项，零七股份未按照《证券法》、《上市公司信息披露管理办法》的要求履行临时公告义务，直至2015年2月16日，因广众投资相关银行账户和资金被查封冻结，发布《关于公司子公司银行账户被查封的核查情况公告》（公告编号：2015-015），才披露上述诉讼事项。零七股份在《天津鑫宇隆矿产品有限公司案件情况说明》中表示，广众投资在收到天津高院和天津二中院的法律文书后，练卫飞作为第二被告急于与对方和解，随即将法律文书取走，未能及时处理和向零七股份上报具体情况。练卫飞没有及时将掌握的情况告知零七股份，直至2015年2月10日，零七股份得知情况后发布了上述2个诉讼的核查报告。以上事实，有天津市高级人民法院提供的案卷材料、天津市第二中级人民法院提供的案卷材料、宏远钛铁与天津鑫宇隆提供的说明资料、零七股份《关于公司子公司银行账户被查封的核查情况公告》以及相关人员询问笔录等证据证明，足以认定。三、零七股份及相关人员多次受到行政处罚、被实施行政监管措施和纪律处分（一）因零七股份涉嫌信息披露违法违规，深圳证监局于2013年8月6日对其立案调查。经查：零七股份2012年定期报告对下属子公司广众投资钛矿包销的进展情况披露存在误导性陈述。练卫飞直接管理广众投资与香港广新资源投资有限公司的钛矿包销业务，在2012年8月份已明确知道包销合同无法执行，但作为时任董事长，练卫飞审核并签署2012年定期报告时，未将真实情况告知其他董事、监事、高管及董秘，并指示香港广新出具有误导性陈述的回函，作为零七股份信息披露的依据，导致零七股份2012年定期报告涉嫌误导性陈述，练卫飞是直接责任人员。戴光负责广众投资钛矿包销具体业务，2012年三季度时已知悉钛矿包销进展缓慢的真实原因，但未按照公司内部制度要求，通过书面方式向时任董秘智德宇提出意见。零七股份未披露广众投资收回香港广新资源投资有限公司5000万预付款及与亿巨有限公司资金托管协议事项。练卫飞是广众投资收回香港广新资源投资有限公司的5000万元钛矿包销预付款并交亿巨有限公司托管事项的实际策划者与组织者，作为零七股份董事长，练卫飞未将真实情况告知其他董事、监事、高管及董秘智德宇，导致零七股份未对上述事项及协议及时披露。刘彩荣2012年1月至3月担任广众投资总经理、董事长，按照练卫飞的指示履行签字流程，是该事项的知情人，未能按照零七股份信息报送制度，以书面形式通知时任董秘智德宇。2014年6月，深圳证监局对零七股份信息披露违法行为作出行政处罚，决定对零七股份给予警告，并处以40万元罚款，对练卫飞给予警告，并处以30万元罚款。2014年8月，深圳证券交易所对零七股份信息披露违法行为作出处分，决定对公司给予公开谴责的处分，对公司控股股东广州博融、实际控制人时任董事长练卫飞给予公开谴责的处分。（二）因零七股份时任董事长练卫飞接受媒体采访不规范、提供信息披露内容不准确，公告审核把关不严，未及时将股权质押情况告知公司等问题，深圳证监局于2011年7月15日决定对练卫飞予以批评，并记入证券期货市场诚信档案。（三）因零七股份多次出现发布重大事项信息后，相关合同未履行或实际履行进度远低于合同约定水平的情况，有关信息对投资者影响重大，易对投资者的决策产生误导，深圳证监局于2014年9月24日对零七股份采取了责令公开说明的监管措施。（四）因零七股份资金管理内部控制存在重大缺陷、公司印鉴管理控制存在重大缺陷、重大诉讼事项未及时披露、大股东存在侵占上市公司利益情况等问题，深圳证监局于2015年5月15日对零七股份采取了责令改正的监管措施。,N
4023897,000007,2015-05-22,2015-05-26,"推迟披露,占用公司资产,其他","P2504,P2510,P2599","2014,2015",经查，你公司在资金管控、印鉴管理、信息披露等方面存在以下问题： 一）、资金管理内部控制存在重大缺陷 2014 年12 月，你公司子公司深圳市广众投资有限公司（以下简称“广众投资”）因矿产品供货合同预付款纠纷及借款纠纷，被天津鑫宇隆矿产品有限公司（以下简称“鑫宇隆”）分别起诉至天津市高级人民法院和天津市第二中级人民法院，要求广众投资双倍返还定金和利息、归还借款。但经你公司自查，其中 2426 万元定金及借款公司并未收到，相关款项去向不明。 根据你公司披露的 2014 年年度报告，你公司存在与其他公司进行大额资金往来的情况，金额达到 5.8 亿元，其中部分非经营性大额资金往来未按照公司规定履行董事会审批程序。 截至2014 年年末，你公司预付款金额达 2.74 亿元，但相关合同长期未履行或者实际履行进度远低于合同约定水平，导致公司资金被长期占用。 综上所述，你公司部分大额资金支出未履行审批程序和决策程序，部分大额资金以预付款项的方式被长期占用，部分预收款项去向不明，资金管理的内部控制存在重大缺陷。 二）、公司印鉴管理存在重大缺陷 你公司未对印鉴实施有效管理，部分用印未履行审批程序，也未对使用情况进行登记管理。如上述你公司与天津鑫宇隆公司等签署相关购销合同、借款合同等，未履行审批程序、也未进行登记。 根据你公司的公告，2015 年 2 月 9 日，公司实际控制人练卫飞私刻你公司印章、利用尚未移交的工商登记资料，在中国光大银行深圳分行水贝支行盗开你公司银行账号，并购买支票（25张），截至目前尚有一张支票未能收回。 三）、重大诉讼事项未及时披露 如上所述，2014年 12 月 1 日、12 月9 日，天津市高级人民法院和天津市第二中级人民法院就广众投资与天津鑫宇隆公司的诉讼事项分别向广众投资下发应诉通知书。2014 年 12 月，广众投资相关人员即已签收了相关司法文书，但直至2015年2月17日，你公司才披露上述两起诉讼。 四）、大股东存在侵占上市公司利益情况 2014 年 6 月，公司实际控制人练卫飞辞去公司法人、董事长等职务后，未在公司担任其他职务，但直至 2015 年2 月，你公司仍向其发放薪酬、为其支付房租并报销相关费用。,Y
4023452,000007,2015-05-14,2015-05-15,"重大遗漏,其他","P2505,P2599","2014,2015","经查明,刘榕存在以下违法事实:自2014年5月22日,刘榕决策并实际操作“刘榕”普通证券账户、“刘乐”普通证券账户和融资融券账户、“王铮铮”普通证券账户和融资融券账户等5个涉案证券账户,陆续买入“零七股份”股票。根据深圳证券交易所提供的数据,2014年9月25日,以上5个涉案证券账户合计持有“零七股份”股票12,210,158股,首次超过零七股份已发行股份比例的5%,达到5.29%;2014年10月15日,合计持有“零七股份”股票17,321,915股,占比7.50%,达到峰值;截至2015年3月19日,合计持有“零七股份”股票16,531,917股,占比7.16%。刘榕作为上述5个涉案证券账户的实际控制人,未依照《证券法》第八十六条的规定履行报告、通知及公告义务,是有关违法行为的责任人。",N
4022252,000007,2015-03-19,2015-03-24,"推迟披露,其他","P2504,P2599",2014,"经查明,深圳市零七股份有限公司(以下简称“公司”)及相关当事人存在以下违规行为:公司与深圳市大中非投资有限公司(以下简称“大中非投资”)因历史关系的原因及双方互相支持解决临时资金困难的需求,在2014年1月至12月连续多次与大中非发生临时性往来款项收支情况;其中,于2014年5至6月期间向大中非提供资金的最高余额约1.07亿元,占公司2013年经审计净资产3.47亿元的30.55%,构成财务资助行为。公司对该事项未履行相应审议程序,也未及时履行临时信息披露义务。",Y
4016826,000007,2014-09-26,2014-09-30,"虚假记载(误导性陈述),重大遗漏,其他","P2503,P2505,P2599","2011,2012,2013,2014","我局关注到你公司存在以下情况:2011年12月,你公司公告,与实际控制人练卫飞参股的企业香港广新中非资源投资有限公司(以下简称“香港广新”)签订了《钛矿产品总包销合同》,约定香港广新向你公司每年提供不低于50万吨的钛矿产品,但自合同签订至今,香港广新累计向你公司供货仅4.28万吨。2013年4月,你公司公告,以1200万美元的价格收购了练卫飞持有的马达加斯加共和国4个铌钽铀矿勘探许可证,但截至目前,勘探许可证已过期,相关续期及矿区详查工作未见进展。此外,近三年,你公司已多次出现签订大额购销合同并支付大额预付款后,取消或未履行合同的情况。综上所述,你公司多次出现发布重大事项信息后,相关合同未履行或实际履行进度远低于合同约定水平的情况,有关信息对投资者影响重大,易对投资者的决策产生误导。2014年6月10日,因你公司2012年半年度报告、年度报告对《钛矿产品总包销合同》履行进展相关情况的披露存在误导性陈述、未按规定披露收回预付款并签订《资金托管协议》事项,我局对你公司及相关责任人做出了行政处罚决定。2014年9月5日,你公司披露了发行股份购买资产等系列公告,董事会审议通过了拟以10亿元(预评估值)的价格收购未经审计账面净资产为0.58亿元的股权,并向练卫飞发行股份募集配套资金3.3亿元,但决定暂不提交股东大会审议。相关信息披露后,你公司股价在五个交易日内上涨了60%,影响重大。",Y
4015652,000007,2014-08-27,2014-08-28,"虚假记载(误导性陈述),推迟披露,其他","P2503,P2504,P2599","2011,2012,2013,2014","（一）2012年半年度报告、2012年度报告中相关信息披露存在误导性陈述2011年12月28日,公司发布《关联交易公告》称,子公司深圳市广众投资有限公司(以下简称“广众投资”)与香港广新中非资源投资有限公司(以下简称“香港广新”)签订《钛矿产品总包销合同》。根据该公告,香港广新主要业务为开发其全资子公司马达加斯加共和国(以下简称“马国”)大陆矿业有限公司(以下简称“大陆矿业”)在马国的海滨砂矿,包括已经开发投产的175公里矿区(以下简称175矿区)和约850公里的新矿区(以下简称850矿区)；850矿区已初步形成生产条件,预计于2012年3月开工生产,2012年预计生产80万吨钛精矿，本公司及董事会全体成员保证信息披露的内容真实、准确、完整，没有虚假记载、误导性陈述或重大遗漏。2013年预计生产钛精矿200250万吨,2014年预计达到300万吨产能；大陆矿业销往中国大陆地区的钛矿产品由广众投资包销,包销期限5年,每年的包销数量不低于50万吨。按照当时相同品位的钛精矿市场价格1,100元/干吨计算,广众投资合同期内钛精矿贸易每年的业绩预测为销售收入不低于55,000万元,年销售毛利不低于7,500万元,分别是公司2011年度经审计后的营业收入16,533.95万元的333%,净利润831.05万元的903%。根据公司2012年年度报告,2012年广众投资共从香港广新进口钛矿41,243.16吨,远低于合同的约定。2012年8月14日,公司在2012年半年度报告披露“造成今年上半年包销钛矿购销量不多的原因:(1)由于包销业务处于初始阶段,船期安排不顺和航程较远的原因,从二季度起才有较大量的钛矿产品到货；(2)据香港广新公司介绍,因马岛一季度仍处于雨季,中国农历春节又是中国工人休假高峰时段,3月份矿区又遇特大台风,因此钛矿生产和装运均受到不同程度的影响”。2013年4月25日,公司在2012年年度报告披露“因为马国恶劣天气、生产初期人员组织、协调、物流影响以及马国环保部门不能及时完成对大陆矿业公司新矿区环评报告的审核工作。造成新矿区不能按原计划时间正式投产等原因,使香港广新供货远低于包销合同约定应供货数量,包销合同履行比预期有很大差距,进而影响公司在矿产品贸易方面的利润”。事实上，2012年，大陆矿业175矿区仅能维持少量生产,同年11月21日,马国环保部门才受理大陆矿业850矿区的环评申请,并计划于2013年1月至3月开展相关评估工作,850矿区取得环境许可证存在重大不确定性。因未取得环境许可证,850矿区一直没有投产。上述情况是造成2012年钛矿包销合同履行实际情况与合同约定存在巨太差距的根本原因。公司在2012年半年度报告中将天气和运输等非主要因素作为钛矿包销合同履行进展缓慢的原因，没有如实披露大陆矿业的生产经营状况。公司在2012年年度报告中虽然披露了850矿区未取得环境许可证的情况,但未完整披露大陆矿业175矿区仅能维持少量生产、850矿区未正式投产、850矿区取得环境许可证存在重大不确定性以及上述情况未来可能对钛矿包销总合同履行产生的影响。（二）公司控股股东、实际控制人未及时履行信息披露和配合监管义务1、公司控股股东广州博融投资有限公司（以下简称“广州博融”）、第二大股东练卫飞因涉及债务纠纷，其持有的公司65206226股股权，于2014年2月14日被广州中院司法冻结，但广州博融及练卫飞直至6月10日才予以履行信息披露义务。2、公司、控股股东、实际控制人未积极履行配合监管义务公司、控股股东广州博融及实际控制人练卫飞，对我部在年报问询函【2014】278号中，关于公司股权是否存在司法冻结情况的问询，未积极履行配合我所监管工作、恪尽职守履行核实义务，导致回函不真实、不完整；对我部关注函【2014】181号中，关于广州博融及练卫飞持有公司股权被司法冻结的媒体报道核实情况，未能按我部关注函要求，在2014年5月28日前作出相关核查说明。在本所督促下，直至2014年6月12日才作出了相关书面说明，并复函。",Y
4013493,000007,2014-06-16,2014-06-18,"虚假记载(误导性陈述),重大遗漏,其他","P2503,P2505,P2599","2012,2013","（一）2012年半年度报告、年度报告对《钛矿产品总包销合同》履行进展相关情况的披露存在误导性陈述:经查,香港广新主要业务为开发大陆矿业175矿区和850矿区,钛矿包销合同的履行主要依赖于850矿区。根据大陆矿业提交的情况说明,矿产企业在马国取得开采资格必须取得开采证和环境许可证。2012年大陆矿业175矿区仅能维持少量生产,同年11月21日,马国环保部门才受理大陆矿业850矿区的环评申请,并计划于2013年1月至3月开展相关评估工作,850矿区取得环境许可证存在重大不确定性。因诔取得环境许可证,850矿区一直没有投产。上述情况是造成2012年钛矿包销合同履行实际情况与合同约定存在巨太差距的根本原因。（二）未按规定披露收回预付款并签订《资金托管协议》事项:经查,按照《钛矿产品总包销合同》的约定,2012年2月6日,广众投资向香港广新支付了5,OO0万预付款。因与香港广新国资股东对钛矿包销合同存在矛盾分歧,练卫飞在2012年2月7日通过香港广新董事会作出决议退回广众投资5,000万元预付款。同日,按照练卫飞的指示,广众投资与亿巨有限公司(以下简称亿巨公司)签订《资金托管协议》,指定香港广新将5,000万元预付款退付给亿巨公司。同日，香港广新将5,000万元预付款退付给亿巨公司在香港的账户。
收回预付款并签订《资金托管协议》事项,其交易标的涉及资产总额5,000万元,占零七股份2011年度经审计总资产36,241.52万元的13.8%。根据《证券法》第六十七条、《上市公司信息披露管理办法》第三十条及第三十三条、深圳证券交易所《股票上市规则》9.1及9.2的规定,零七股份应当及时披露该重大事件。零七股份对收回预付款并签订《资金托管协议》事项未及时履行信息披露义务,直到2013年才在半年度报告中补充披露。",Y
407692,000007,2013-09-04,2013-09-23,"重大遗漏,其他","P2505,P2599","2012,2013",经查明，深圳市零七股份有限公司（以下简称“公司”）及相关当事人存在以下违规行为：公司于2012年10月8日向深圳市艾诺威贸易有限公司（以下简称“艾诺威”）分别提供了2361万元和4000万元两笔无偿使用的资金，直至在本所发函表示关注后，公司才于2013年4月23日与艾诺威达成协议，要求对方于2013年5月底前还清所有欠款并偿付相应的资金占用补偿费。截止2013年6月21日，艾诺威还清欠款6361万元欠款，并按还款协议约定支付了1100多万元的资金占用费及违约补偿等，但公司上述对外提供财务资助的行为没有履行任何审议程序和信息披露义务。,Y
401791,000007,2012-01-18,2012-01-19,虚假记载(误导性陈述),P2503,2011,练卫飞接受媒体采访时回答问题不审慎，含有误导信息，导致媒体报道后公司股价异常波动。2011年6月初，练卫飞接受《深圳商报》采访，针对记者提出的其所拥有的海外矿业资产今后有何发展计划问题时，回答称“如果不能在香港获得融资，不能在香港上市，那就不排除会将矿业资产注入上市公司融资或在A股上市。”《深圳商报》随后发布了《击败力拓获非洲大矿开采权 深商成功收购海外稀有资产》的报道，报道表示：“练卫飞指出，不排除将这一项目装入零七上市公司，以获得更多资金收购其他国家所需的资源，目标仍然是非洲地区。”造成公司股票连续两个交易日涨停。练卫飞向公司提供的信息不完整有遗漏，导致公司澄清公告披露内容不准确。公司就《深圳商报》报道向练卫飞核实有关事项时，其书面确认拥有报道中提及的海外矿业资产48%的股权，并表示没有就该项目对公司进行资产注入等计划，承诺6个月不对公司进行重组。公司据此发布了澄清公告，公告当日股价依然涨停。公司随后发布的股票交易异常波动公告显示，练卫飞仅拥有海外矿业资产24%股权（一致行动人拥有另外24%），且目前已就该项目与香港上市公司新洲印刷集团有限公司签订了合作备忘录，根据备忘录约定新洲印刷间接附属公司将可能收购练卫飞及一致行动人拥有的48%股权，该谅解备忘录相关事宜正在进行中。练卫飞未能就澄清公告提供准确的持股比例、与新洲印刷的合作备忘等情况，导致公司澄清披露内容不准确。,N
4052620,000009,2018-02-12,2018-02-12,"披露不实(其它),一般会计处理不当","P2506,P2515",2016,"检查发现,一、公司对集安市古马岭金矿有限责任公司(以下简称“古马岭金矿”)摊销计提、资产减值测试不规范:公司在2016年开始对古马岭金矿采矿权按照10年进行直线摊销,摊销期超出了《采矿许可证》规定的剩余有效年限;公司在对古马岭金矿进行减值测试时,未考虑使用超采产能和预测选矿回收率的合理性。二、对其他应收款——鹏远新材、潘多军的坏账准备计提不充分:截至2016年12月31日,公司财务账上列示的“其他应收款-潘多军”、“其他应收款-鹏远新材”两笔其他应收款的余额均超过公司会计政策规定的“单项金额在200万元以上”,单项金额重大,且潘多军和鹏远新材多次违约,上述两笔其他应收款存在明显减值迹象,但公司在2016年年末仍将上述两笔其他应收款作为正常信用风险组合按照账龄计提坏账准备,与公司会计政策不符,也不符合《企业会计准则第22号——金融工具确认和计量》的相关规定。此外,检查还发现公司在金融资产核算、无形资产初始确认、销售费用摊销等部分事项的会计处理存在问题。",Y
40291,000009,2011-05-05,2011-05-09,虚假记载(误导性陈述),P2503,"2010,2011",2010年9月至2011年2月间，湘财证券、平安证券、国泰君安、信达证券发表了多篇有关中国宝安的研究报告，内容涉及公司拥有石墨矿资源，部分媒体转载了前述研究报告的内容。有券商表示，研究报告中涉及中国宝安拥有石墨矿资源，其信息来源之一是中国宝安控股子公司深圳市贝特瑞新能源材料股份有限公司（以下简称“贝特瑞”）的网站。经查实，该网站上曾有“贝特瑞拥有近2.68亿吨储量、适合于锂离子二次电池用的优质石墨矿产资源，可以确保原料供给稳定、持续”的陈述。而中国宝安2011年3月1日在本所投资者关系平台上回答提问时则表示，公司在鸡西有个石墨产业园，主要从事石墨深加工，目前没有石墨矿。2011年3月15日，中国宝安进一步以公告形式披露公司目前没有石墨矿，对前述研究报告涉及石墨矿的内容予以否认。在前述是否拥有石墨矿的问题上，中国宝安表述和贝特瑞网站上的表述不一致。中国宝安没有对子公司贝特瑞对外披露的信息进行有效管理和严格审查，造成公司股价异动，市场影响恶劣。,Y
4065703,000010,2019-09-11,2019-09-12,其他,P2599,"2017,2018,2019","经查明,深圳美丽生态股份有限公司(以下简称“*ST美丽”或“公司”)股东王仁年存在以下违规行为:*ST美丽于2015年实施重大资产重组,通过发行股份及支付现金方式购买王仁年等47位交易对方合计持有的江苏八达园林有限责任公司(以下简称“八达园林”)100%股权。交易对方之一、八达园林原实际控制人王仁年与公司签订了盈利预测补偿协议及其补充协议,承诺八达园林2016年、2017年、2018年和2019年经审计的归属于母公司股东的扣除非经常性损益的净利润(以下简称“承诺净利润”)分别不低于16,800万元、24,300万元、30,000万元和30,000万元;同时约定,如承诺期内八达园林股权发生减值的,王仁年需就减值部分以现金方式对公司进行补偿。八达园林2016年、2017年和2018年均未完成承诺净利润且出现资产减值情形,王仁年应支付的补偿金额分别为11,500.00万元、101,052.09万元和53,447.91万元,累计应补偿金额已达交易作价16.60亿元的上限。根据协议约定,王仁年应在公司董事会审议确定当年应补偿金额后5个工作日内将补偿款支付至公司。截至本纪律处分决定作出之日,王仁年仍未支付公司2017年度部分业绩补偿款97,484.37万元(不包括利息费用)和2018年度业绩补偿款53,447.91万元(不包括利息费用)。",N
4064509,000010,2019-08-02,2019-08-05,"虚假记载(误导性陈述),推迟披露,一般会计处理不当","P2503,P2504,P2515","2015,2016","经查明,美丽生态、贾明辉等存在以下违法事实:  一、美丽生态在重大资产重组文件中对阜宁县金沙湖项目(以下简称金沙湖项目)和镇江市官塘新城路网绿化工程(以下简称官塘项目)的进展情况及项目2015年收入预测披露存在误导性陈述  (一)美丽生态重大资产重组的基本情况  2014年12月26日起,美丽生态停牌筹划重大资产重组。2015年5月19日美丽生态披露《北京深华新股份有限公司发行股份及支付现金购买资产并募集配套资金暨关联交易报告书(草案)》(以下简称《报告书(草案)》),拟通过非公开发行股份与支付现金相结合的方式,购买王仁年等47名股东持有的八达园林100%股权,全部股权作价166,000万元。2015年7月14日,美丽生态披露收到我会行政许可审核反馈意见。2015年7月17日,美丽生态披露了《北京深华新股份有限公司发行股份及支付现金购买资产并募集配套资金暨关联交易申请文件一次反馈意见的回复》(以下简称《反馈意见的回复》),后分别于7月22日和8月8日对《反馈意见的回复》进行了两次细化补充。2015年10月10日,中国证监会核准了美丽生态重大资产重组,同日,美丽生态披露了《北京深华新股份有限公司发行股份及支付现金购买资产并募集配套资金暨关联交易报告书(修订稿)》(以下简称《报告书(修订稿)》)。2015年10月19日,相关交易完成资产过户,美丽生态自2015年11月起将八达园林纳入财务报表合并范围。八达园林王云杰、美丽生态董事兼总经理郑方、财务总监李卉等参与并购重组事项。  (二)金沙湖项目和官塘项目基本情况  2012年3月24日,八达园林与金沙湖管委会签订《建设工程施工合同》,工程名称为“阜宁县金沙湖旅游度假区二期工程”,合同总金额100,000万元。工程地点为江苏省阜宁县城南新区渔深河以南等地段,工程内容包括大湖开发建设工程、金沙湖浴场完善提升工程等。2012年4月,金沙湖项目正式开工。2012年完成浴场提升绿化工程。2012年下半年至2013年完成湖型整理工程。2014年完成S329省道边侧道路景观绿化提升工程。截至2014年年末,金沙湖项目尚未确认收入的合同工程量为77,334.17万元,预计2015年实现收入25,000万元。  2012年1月18日,八达园林与镇江市交通投资建设发展有限公司(以下简称镇江交投)签订了《镇江市官塘新城路网绿化景观工程建设项目合作框架协议》(以下简称《官塘新城框架协议》),上述框架协议中的估算工程总造价50,000万元。2012年,镇江交投向八达园林发出《中标通知书》,明确八达园林中标镇江市官塘新城路网绿化工程,明确工程总造价暂定为30,000万元,中标价在此基础上下浮98.5%,即29,550万元。2013年1月28日,八达园林与镇江交投签订《镇江市官塘新城路网绿化工程投资、建设及移交合同书》,约定八达园林负责项目建设,工程范围包括官塘桥路、环山-莱山路等六条道路,总长度30.32公里。  2013年10月28日,八达园林向项目监理方提交《开工报告》,随后开始绿化工程施工。2013年10月至12月完成官塘桥路的绿化工程;2014年8月至12月完成环山路绿化工程。截至2014年年末,官塘项目尚未确认收入的合同工程量为11,583万元,预计2015年实现收入11,583万元。  (三)2015年金沙湖项目和官塘项目基本处于停工状态  2015年1月至9月,金沙湖项目的成本为3,512.56万元,剔除金沙湖项目实际于2014年完成、2015年审定竣工并计入2015年的工程成本3,375.30万元,金沙湖项目2015年实际发生成本为137.26万元,仅占2015年项目预测成本的0.81%。  2015年春节过后的项目碰头会上,金沙湖管委会规划建设局局长杨某娣向金沙湖项目现场负责人朱某忠通报了“金沙湖项目规划变更”、“已有开工项目继续做完”、“未开工项目暂缓,等待规划重新调整”等情况。碰头会开完后不久,朱某忠将“规划调整导致剩余工程项目暂时搁浅”的情况告知了八达园林总经理王云杰。根据朱某忠、王云杰的询问笔录,金沙湖项目2015年上半年主要工作是完成2014年已开工项目的收尾工作,2015年下半年基本处于停工状态。2015年10月16日,金沙湖管委会向八达园林出具《工程联系单》,明确“施工方案重新规划,施工作业面暂停”、“具体开工日期等我方书面通知”等。2016年9月12日,金沙湖管委会与八达园林签订《〈阜宁县金沙湖旅游度假区二期工程〉合同终止说明》,明确合同终止。  2015年1月至9月,官塘项目实际发生成本为385.8万元,仅占2015年项目预测成本的4.92%。2014年底至今,因拆迁受阻,八达园林无法持续获得绿化施工所需工作面,官塘项目进展缓慢。根据该项目现场负责人郭某伟的询问笔录,2015年1至9月,官塘项目“未开展新工程施工”、“主要工作是养护原有的绿化工程”;“2015年完成原来拟定的2015年工程量的可能性不大”;官塘项目“能在2017年底完成就已经很不错了”。根据王云杰的询问笔录,郭某伟向其汇报了官塘项目“施工情况、项目受阻情况和拆迁受阻情况”;王云杰自2014年年底就知悉官塘项目进展缓慢的原因是“道路拆迁遇阻”;王云杰知悉2015年1至9月,官塘项目“未开展新工程施工”、“主要工作是养护原有的绿化工程”。根据八达园林法定代表人王仁年的询问笔录:在2015年9月、10月,王云杰向其汇报官塘项目时,称“由于项目拆迁的问题,项目无法在2015年按期完成”。  (四)美丽生态在重大资产重组文件中对金沙湖项目和官塘项目的进展情况披露存在误导性陈述  美丽生态于2015年7月17日、7月22日和8月8日公开披露的《反馈意见的回复》及更新稿中,对于“请你公司结合已有合同或订单、业务开展情况等,补充披露八达园林2015年度业绩预测的可实现性”的反馈意见,回复称“截至本反馈意见出具之日,八达园林2014年已签订合同但未完工的工程项目基本已进场施工,工程进展良好”;在2015年10月10日披露的《报告书(修订稿)》中,美丽生态描述“园林工程施工业务进展情况”为“截至本报告书签署之日,八达园林2014年已签订合同但未完工的工程项目基本已进场施工,工程进展良好